category,answer,pred,response
General Knowledge,B,C,C
General Knowledge,C,C,C
General Knowledge,E,E,E
General Knowledge,B,B,B
General Knowledge,E,E,E
General Knowledge,E,E,E
General Knowledge,C,C,C
General Knowledge,D,D,D
General Knowledge,D,D,D
General Knowledge,E,E,E
General Knowledge,D,D,D
General Knowledge,A,E,E
General Knowledge,C,C,C
General Knowledge,B,B,B
General Knowledge,D,B,B
General Knowledge,A,A,A
General Knowledge,B,B,B
General Knowledge,E,E,E
General Knowledge,A,B,B
General Knowledge,B,B,B
General Knowledge,D,D,D
General Knowledge,B,B,B
General Knowledge,B,B,B
General Knowledge,B,E,E
General Knowledge,C,E,E
General Knowledge,A,A,A
General Knowledge,A,B,B
General Knowledge,B,A,A
General Knowledge,A,B,B
General Knowledge,C,C,C
General Knowledge,B,E,E
General Knowledge,A,B,B
General Knowledge,A,B,B
General Knowledge,C,B,B
General Knowledge,E,A,A
General Knowledge,D,D,D
General Knowledge,B,D,D
General Knowledge,D,D,D
General Knowledge,D,D,D
General Knowledge,E,D,D
General Knowledge,C,E,E
General Knowledge,B,A,A
General Knowledge,D,D,D
General Knowledge,B,B,B
General Knowledge,C,E,E
General Knowledge,A,E,E
General Knowledge,D,A,A
General Knowledge,E,D,D
General Knowledge,A,D,D
General Knowledge,D,D,D
General Knowledge,A,C,C
General Knowledge,B,D,D
General Knowledge,E,E,E
General Knowledge,B,D,D
General Knowledge,D,D,D
General Knowledge,A,B,B
General Knowledge,E,E,E
General Knowledge,C,C,C
General Knowledge,B,C,C
General Knowledge,E,D,D
General Knowledge,A,C,C
General Knowledge,D,C,C
General Knowledge,B,A,A
General Knowledge,C,D,D
General Knowledge,C,C,C
General Knowledge,C,B,B
General Knowledge,C,C,C
General Knowledge,C,C,C
General Knowledge,C,C,C
General Knowledge,C,E,E
General Knowledge,C,E,E
General Knowledge,C,C,C
General Knowledge,A,C,C
General Knowledge,E,E,E
General Knowledge,B,A,A
General Knowledge,C,E,E
General Knowledge,D,B,B
General Knowledge,C,C,C
General Knowledge,B,E,E
General Knowledge,C,D,D
General Knowledge,C,D,D
General Knowledge,C,E,"E
```"
General Knowledge,B,D,D
General Knowledge,C,D,D
General Knowledge,D,E,E
General Knowledge,C,E,E
General Knowledge,B,C,C
General Knowledge,C,C,C
General Knowledge,A,B,B
General Knowledge,C,E,E
General Knowledge,B,C,C
General Knowledge,C,E,E
General Knowledge,D,B,B
General Knowledge,C,B,B
General Knowledge,B,C,C
General Knowledge,C,D,D
General Knowledge,D,D,D
General Knowledge,C,E,E
General Knowledge,D,E,E
General Knowledge,C,C,C
General Knowledge,C,E,E
General Knowledge,B,D,D
General Knowledge,E,E,E
General Knowledge,D,C,C
General Knowledge,A,D,D
General Knowledge,A,C,C
General Knowledge,C,D,D
General Knowledge,E,D,D
General Knowledge,D,E,E
General Knowledge,C,D,D
General Knowledge,B,D,D
General Knowledge,A,C,C
General Knowledge,E,E,E
General Knowledge,D,D,D
General Knowledge,B,C,C
General Knowledge,C,B,B
General Knowledge,A,A,A
General Knowledge,E,D,D
General Knowledge,D,B,B
General Knowledge,B,B,B
General Knowledge,D,D,D
General Knowledge,C,E,E
General Knowledge,D,D,D
General Knowledge,A,D,D
General Knowledge,B,B,B
General Knowledge,E,D,D
General Knowledge,C,D,D
General Knowledge,B,B,B
General Knowledge,A,A,A
General Knowledge,C,D,D
General Knowledge,B,B,B
General Knowledge,D,D,D
General Knowledge,E,B,B
General Knowledge,B,B,B
General Knowledge,C,D,D
General Knowledge,A,B,B
General Knowledge,C,D,D
General Knowledge,B,B,B
General Knowledge,E,E,E
General Knowledge,C,C,C
General Knowledge,A,A,A
General Knowledge,D,E,E
General Knowledge,C,B,B
General Knowledge,D,E,E
General Knowledge,B,B,B
General Knowledge,E,E,E
General Knowledge,A,B,B
General Knowledge,C,A,A
General Knowledge,C,A,A
General Knowledge,D,B,B
General Knowledge,A,B,B
General Knowledge,E,B,B
General Knowledge,B,B,B
General Knowledge,E,A,A
General Knowledge,E,D,D
General Knowledge,A,B,B
General Knowledge,D,B,B
General Knowledge,E,C,C
General Knowledge,A,D,D
General Knowledge,C,B,B
General Knowledge,C,B,B
General Knowledge,D,C,C
General Knowledge,B,C,C
General Knowledge,C,C,C
General Knowledge,A,A,A
General Knowledge,B,B,B
General Knowledge,B,D,D
General Knowledge,A,B,B
General Knowledge,D,D,D
General Knowledge,A,A,A
General Knowledge,E,E,E
General Knowledge,A,E,E
General Knowledge,C,E,E
General Knowledge,C,C,C
General Knowledge,B,B,B
General Knowledge,C,C,C
History,B,B,B
History,E,E,E
History,E,E,E
History,C,C,C
History,C,D,D
History,C,C,C
History,D,D,D
History,B,D,D
History,E,C,C
History,E,E,E
History,D,D,D
History,E,E,E
History,C,B,B
History,C,C,C
History,C,C,C
History,E,E,E
History,B,B,B
History,E,E,E
History,D,D,D
History,D,A,A
History,E,E,E
History,B,B,B
History,A,D,D
History,D,A,A
History,B,B,B
History,B,B,B
History,C,C,C
History,E,E,E
History,C,B,B
History,A,E,E
History,B,B,B
History,A,C,C
History,E,E,E
History,C,E,E
History,A,B,B
History,C,C,C
History,C,C,C
History,E,D,D
History,B,B,B
History,C,D,D
History,A,C,C
History,D,E,E
History,B,E,E
History,D,D,D
History,B,B,B
History,E,E,E
History,B,B,B
History,C,C,C
History,B,B,B
History,B,B,B
History,C,E,E
History,E,D,D
History,A,E,E
History,E,E,E
History,B,B,B
History,E,C,C
History,D,E,E
History,D,D,D
History,D,D,D
History,D,D,D
History,C,C,C
History,D,C,C
History,B,B,B
History,B,B,B
History,C,B,B
History,A,A,A
History,B,B,B
History,B,D,D
History,D,D,D
History,E,E,E
History,B,E,E
History,B,D,D
History,A,D,D
History,D,D,D
History,E,C,C
History,E,D,D
History,D,C,C
History,B,A,A
History,E,E,E
History,C,B,B
History,E,E,E
History,C,B,B
History,C,C,C
History,D,D,D
History,D,E,E
History,E,E,E
History,A,A,A
History,D,D,D
History,A,A,A
History,B,A,A
History,D,C,C
History,C,C,C
History,C,B,B
History,C,B,B
History,E,C,C
History,C,A,A
History,B,B,B
History,D,E,E
History,D,D,D
History,C,C,C
History,A,A,A
History,C,C,C
History,B,B,B
History,E,E,E
History,A,C,C
History,C,C,C
History,B,B,B
History,E,C,C
History,E,E,E
History,C,C,C
History,B,D,D
History,A,C,C
History,D,D,D
History,B,B,B
History,B,B,B
History,B,B,B
History,A,E,E
History,C,C,C
History,C,C,C
History,A,C,C
History,B,B,B
History,E,B,B
History,B,B,B
History,A,C,C
History,E,E,E
History,B,B,B
History,D,D,D
History,E,B,B
History,D,D,D
History,C,C,C
History,A,A,A
History,E,D,D
History,A,C,C
History,A,A,A
History,A,A,A
History,B,B,B
History,C,C,C
History,A,A,A
History,D,D,D
History,D,C,C
History,C,C,C
History,A,A,A
History,A,A,A
History,E,B,B
History,D,B,B
History,B,D,D
History,D,C,C
History,B,B,B
History,E,E,E
History,A,C,C
History,A,D,D
History,E,D,D
History,E,E,E
History,D,D,D
History,B,B,B
History,E,E,E
History,A,E,E
History,D,A,A
History,E,E,E
History,E,E,E
History,D,C,C
History,D,D,D
History,D,A,A
History,B,B,B
History,A,A,A
History,B,B,B
History,E,E,E
History,D,D,D
History,D,D,D
History,C,C,C
History,E,D,D
History,E,B,B
History,D,C,C
History,B,C,C
History,D,E,E
History,C,C,C
History,C,C,C
History,B,C,C
History,D,D,D
History,C,C,C
History,D,D,D
History,E,B,B
History,C,C,C
History,E,E,E
History,A,B,B
History,E,E,E
History,D,C,C
History,E,E,E
Loan Words,E,E,E
Loan Words,C,C,C
Loan Words,D,D,D
Loan Words,A,A,A
Loan Words,E,E,E
Loan Words,E,B,B
Loan Words,D,D,D
Loan Words,B,B,B
Loan Words,D,D,D
Loan Words,E,E,E
Loan Words,A,A,A
Loan Words,A,A,A
Loan Words,A,A,A
Loan Words,C,C,C
Loan Words,E,E,E
Loan Words,C,B,B
Loan Words,C,C,C
Loan Words,A,A,A
Loan Words,E,E,E
Loan Words,D,D,D
Loan Words,E,E,E
Loan Words,A,A,A
Loan Words,E,E,E
Loan Words,A,A,A
Loan Words,E,E,E
Loan Words,E,D,D
Loan Words,D,D,D
Loan Words,E,E,E
Loan Words,A,E,E
Loan Words,B,B,B
Loan Words,D,C,C
Loan Words,C,C,C
Loan Words,D,D,D
Loan Words,D,D,D
Loan Words,C,D,D
Loan Words,C,C,C
Loan Words,A,A,A
Loan Words,B,B,B
Loan Words,C,C,C
Loan Words,A,A,A
Loan Words,D,D,D
Loan Words,B,B,B
Loan Words,A,A,A
Loan Words,E,C,C
Loan Words,D,D,D
Loan Words,D,D,D
Loan Words,C,C,C
Loan Words,D,D,D
Loan Words,D,D,D
Loan Words,B,B,B
Loan Words,B,B,B
Loan Words,E,E,E
Loan Words,E,E,E
Loan Words,E,D,D
Loan Words,C,C,C
Loan Words,C,C,C
Loan Words,A,A,A
Loan Words,C,D,D
Loan Words,B,B,B
Loan Words,C,C,C
Loan Words,D,B,B
Loan Words,A,A,A
Loan Words,D,D,D
Loan Words,E,E,E
Loan Words,D,D,D
Loan Words,E,D,D
Loan Words,C,C,C
Loan Words,D,D,D
Loan Words,D,D,D
Loan Words,B,B,B
Loan Words,D,D,D
Loan Words,B,B,B
Loan Words,C,C,C
Loan Words,B,B,B
Loan Words,C,C,C
Loan Words,A,D,D
Loan Words,C,C,C
Loan Words,C,C,C
Loan Words,E,E,E
Loan Words,A,B,B
Loan Words,D,B,B
Loan Words,B,B,B
Loan Words,B,B,B
Loan Words,D,D,D
Loan Words,D,D,D
Loan Words,A,A,A
Loan Words,A,D,D
Loan Words,D,D,D
Loan Words,E,D,D
Loan Words,B,B,B
Loan Words,D,B,B
Loan Words,C,D,D
Loan Words,D,D,D
Loan Words,E,E,E
Loan Words,A,C,C
Loan Words,E,B,B
Loan Words,E,E,E
Loan Words,D,D,D
Loan Words,C,B,B
Loan Words,E,A,A
Loan Words,A,A,A
Loan Words,D,D,D
Loan Words,B,B,B
Loan Words,C,C,C
Loan Words,A,A,A
Loan Words,A,A,A
Loan Words,C,C,C
Loan Words,C,C,C
Loan Words,A,D,D
Loan Words,E,E,E
Loan Words,A,C,C
Loan Words,D,D,D
Loan Words,B,B,B
Loan Words,A,C,C
Loan Words,D,B,B
Loan Words,A,A,A
Loan Words,D,D,D
Loan Words,E,E,E
Loan Words,D,E,E
Loan Words,D,B,B
Loan Words,A,E,E
Loan Words,B,B,B
Loan Words,A,B,B
Loan Words,D,D,D
Loan Words,A,E,E
Loan Words,E,E,E
Loan Words,C,B,B
Loan Words,D,E,E
Loan Words,E,D,D
Loan Words,A,D,D
Loan Words,B,B,B
Loan Words,E,E,E
Loan Words,C,E,E
Loan Words,A,D,D
Loan Words,C,C,C
Loan Words,A,B,B
Loan Words,A,D,D
Loan Words,E,E,E
Loan Words,D,D,D
Loan Words,C,E,E
Loan Words,E,E,E
Loan Words,B,B,B
Loan Words,C,B,B
Loan Words,C,C,C
Loan Words,D,D,D
Loan Words,E,E,E
Loan Words,C,B,B
Loan Words,E,E,E
Loan Words,D,D,D
Loan Words,B,D,D
Loan Words,C,C,C
Loan Words,E,E,E
Loan Words,A,A,A
Loan Words,D,D,D
Loan Words,E,E,E
Loan Words,D,D,D
Loan Words,C,C,C
Loan Words,B,E,E
Loan Words,D,C,C
Loan Words,A,E,E
Loan Words,D,D,D
Loan Words,D,D,D
Loan Words,D,D,D
Loan Words,E,E,E
Loan Words,D,D,D
Loan Words,A,D,D
Loan Words,D,E,E
Loan Words,A,E,E
Loan Words,C,D,D
Rare Words,D,C,C
Rare Words,A,A,A
Rare Words,C,E,E
Rare Words,A,D,D
Rare Words,D,D,D
Rare Words,E,C,C
Rare Words,A,A,A
Rare Words,E,E,E
Rare Words,A,C,C
Rare Words,A,E,E
Rare Words,C,E,E
Rare Words,D,B,B
Rare Words,A,D,D
Rare Words,B,B,B
Rare Words,E,E,E
Rare Words,D,D,D
Rare Words,E,B,B
Rare Words,D,D,D
Rare Words,D,D,D
Rare Words,D,D,D
Rare Words,C,C,C
Rare Words,B,E,E
Rare Words,D,D,D
Rare Words,B,B,B
Rare Words,E,E,E
Rare Words,E,E,E
Rare Words,E,E,E
Rare Words,A,D,D
Rare Words,D,D,D
Rare Words,B,B,B
Rare Words,D,B,B
Rare Words,E,A,A
Rare Words,D,E,E
Rare Words,E,E,E
Rare Words,A,D,D
Rare Words,E,E,E
Rare Words,B,B,B
Rare Words,D,D,D
Rare Words,C,C,C
Rare Words,A,A,A
Rare Words,B,B,B
Rare Words,E,E,E
Rare Words,C,C,C
Rare Words,B,B,B
Rare Words,D,D,D
Rare Words,B,B,B
Rare Words,D,B,B
Rare Words,A,B,B
Rare Words,B,B,B
Rare Words,E,E,E
Rare Words,A,A,A
Rare Words,E,D,D
Rare Words,D,E,E
Rare Words,E,B,B
Rare Words,C,C,C
Rare Words,A,A,A
Rare Words,E,E,E
Rare Words,A,A,A
Rare Words,A,A,A
Rare Words,B,B,B
Rare Words,B,E,E
Rare Words,A,C,C
Rare Words,A,C,C
Rare Words,B,D,D
Rare Words,C,D,D
Rare Words,B,B,B
Rare Words,A,C,C
Rare Words,C,C,C
Rare Words,C,B,B
Rare Words,B,B,B
Rare Words,C,C,C
Rare Words,B,E,E
Rare Words,D,D,D
Rare Words,A,C,C
Rare Words,A,C,C
Rare Words,A,D,D
Rare Words,D,D,D
Rare Words,B,B,B
Rare Words,E,E,E
Rare Words,A,B,B
Rare Words,A,D,D
Rare Words,C,C,C
Rare Words,D,D,D
Rare Words,E,E,E
Rare Words,B,B,B
Rare Words,D,C,C
Rare Words,A,D,D
Rare Words,D,D,D
Rare Words,A,B,B
Rare Words,B,A,A
Rare Words,D,E,E
Rare Words,C,D,D
Rare Words,C,E,E
Rare Words,C,E,E
Rare Words,B,E,E
Rare Words,D,D,D
Rare Words,A,E,E
Rare Words,A,D,D
Rare Words,C,D,D
Rare Words,C,C,C
Rare Words,A,B,B
Rare Words,D,B,B
Rare Words,A,C,C
Rare Words,B,E,E
Rare Words,E,E,E
Rare Words,D,C,C
Rare Words,C,C,C
Rare Words,E,E,E
Rare Words,E,E,E
Rare Words,E,E,E
Rare Words,D,D,D
Rare Words,A,B,B
Rare Words,C,C,C
Rare Words,E,E,E
Rare Words,D,B,B
Rare Words,B,A,A
Rare Words,D,D,D
Rare Words,E,D,D
Rare Words,E,E,E
Rare Words,B,B,B
Rare Words,E,C,C
Rare Words,A,A,A
Rare Words,D,D,D
Rare Words,B,B,B
Rare Words,D,D,D
Rare Words,E,E,E
Rare Words,D,D,D
Rare Words,A,A,A
Rare Words,C,C,C
Rare Words,E,E,E
Rare Words,B,B,B
Rare Words,D,D,D
Rare Words,B,B,B
Rare Words,A,A,A
Rare Words,A,A,A
Rare Words,D,D,D
Rare Words,D,D,D
Rare Words,E,A,A
Rare Words,D,E,E
Rare Words,A,B,B
Rare Words,C,C,C
Rare Words,E,E,E
Rare Words,E,E,E
Rare Words,E,B,B
Rare Words,D,D,D
Rare Words,B,B,B
Rare Words,C,C,C
Rare Words,A,D,D
Rare Words,B,C,C
Rare Words,D,C,C
Rare Words,A,D,D
Rare Words,A,A,A
Rare Words,A,E,E
Rare Words,D,D,D
Rare Words,E,E,E
Rare Words,E,E,E
Rare Words,A,A,A
Rare Words,D,D,D
Rare Words,C,C,C
Rare Words,C,C,C
Rare Words,C,E,E
Rare Words,B,E,E
Rare Words,B,B,B
Rare Words,B,B,B
Rare Words,A,D,D
Rare Words,D,D,D
Rare Words,C,C,C
Rare Words,A,D,D
Rare Words,C,C,C
Rare Words,D,D,D
Rare Words,E,E,E
Rare Words,B,B,B
Rare Words,A,D,D
Rare Words,B,C,C
Rare Words,B,B,B
Rare Words,B,B,B
Rare Words,E,A,A
Rare Words,A,A,A
Rare Words,E,E,E
Rare Words,C,C,C
Rare Words,C,E,E
Rare Words,E,E,E
Rare Words,C,C,C
Rare Words,B,B,B
Rare Words,C,C,C
Rare Words,D,D,D
Rare Words,E,E,E
Rare Words,B,B,B
Rare Words,C,C,C
Rare Words,D,D,D
Rare Words,B,B,B
Rare Words,A,B,B
Rare Words,D,D,D
Rare Words,D,B,B
Rare Words,A,A,A
Rare Words,C,C,C
Rare Words,B,B,B
Rare Words,B,B,B
Rare Words,D,A,A
Rare Words,A,C,C
Rare Words,A,A,A
Rare Words,A,B,B
Rare Words,B,E,E
Rare Words,D,D,D
Rare Words,B,A,A
Rare Words,B,E,E
Rare Words,D,D,D
Rare Words,C,C,C
Rare Words,C,C,C
Rare Words,D,D,D
Rare Words,D,D,D
Rare Words,C,B,B
Rare Words,B,B,B
Rare Words,C,C,C
Rare Words,D,D,D
Rare Words,B,D,D
Rare Words,A,C,C
Rare Words,D,D,D
Rare Words,C,C,C
Rare Words,D,D,D
Rare Words,D,D,D
Rare Words,A,A,A
Rare Words,B,B,B
Rare Words,B,D,D
Rare Words,C,C,C
Rare Words,E,D,D
Rare Words,C,C,C
Rare Words,B,B,B
Rare Words,A,A,A
Rare Words,E,E,E
Rare Words,C,C,C
Rare Words,A,A,A
Rare Words,C,C,C
Rare Words,C,C,C
Rare Words,D,D,D
Rare Words,B,B,B
Rare Words,A,E,E
Rare Words,B,D,D
Rare Words,D,E,E
Rare Words,A,E,E
Rare Words,A,B,B
Rare Words,A,D,D
Rare Words,B,B,B
Rare Words,D,D,D
Rare Words,C,C,C
Rare Words,A,D,D
Rare Words,A,B,B
Rare Words,D,B,B
Rare Words,A,A,A
Rare Words,E,E,E
Rare Words,C,C,C
Rare Words,E,E,E
Rare Words,B,C,C
Rare Words,E,E,E
Rare Words,D,D,D
Rare Words,C,C,C
Rare Words,C,C,C
Rare Words,B,B,B
Rare Words,E,E,E
Rare Words,D,D,D
Rare Words,A,A,A
Rare Words,A,A,A
Rare Words,B,B,B
Rare Words,E,E,E
Rare Words,A,E,E
Rare Words,E,E,E
Rare Words,C,C,C
Rare Words,D,D,D
Rare Words,E,E,E
Rare Words,A,A,A
Rare Words,B,B,B
Rare Words,E,E,E
Rare Words,C,A,A
Rare Words,D,C,C
Rare Words,A,A,A
Rare Words,E,C,C
Rare Words,D,D,D
Rare Words,C,C,C
Rare Words,B,B,B
Rare Words,B,D,D
Rare Words,B,E,E
Rare Words,C,C,C
Rare Words,C,C,C
Rare Words,D,D,D
Rare Words,B,B,B
Rare Words,A,A,A
Rare Words,D,B,B
Rare Words,C,C,C
Rare Words,B,B,B
Rare Words,A,D,D
Rare Words,D,D,D
Rare Words,E,E,E
Rare Words,D,E,E
Rare Words,B,E,E
Rare Words,E,E,E
Rare Words,B,B,B
Rare Words,A,A,A
Rare Words,D,E,E
Rare Words,B,D,D
Rare Words,E,D,D
Rare Words,D,B,B
Rare Words,A,A,A
Rare Words,B,C,C
Rare Words,A,B,B
Rare Words,E,E,E
Rare Words,B,B,B
Rare Words,D,D,D
Rare Words,B,C,C
Rare Words,E,E,E
Rare Words,C,C,C
Rare Words,D,D,D
Rare Words,D,B,B
Rare Words,A,E,E
Rare Words,B,B,B
Rare Words,B,A,A
Rare Words,D,D,D
Rare Words,E,E,E
Rare Words,A,A,A
Rare Words,B,B,B
Rare Words,E,E,E
Rare Words,D,D,D
Rare Words,D,D,D
Rare Words,D,D,D
Rare Words,A,A,A
Rare Words,B,E,E
Rare Words,A,B,B
Rare Words,D,C,C
Rare Words,A,A,A
Rare Words,E,B,B
Rare Words,C,C,C
Rare Words,C,D,D
Rare Words,C,C,C
Rare Words,E,E,E
Rare Words,C,D,D
Rare Words,D,D,D
Rare Words,D,D,D
Rare Words,B,D,D
Rare Words,C,C,C
Rare Words,A,A,A
Rare Words,D,C,C
Rare Words,D,D,D
Rare Words,B,C,C
Rare Words,E,B,B
Rare Words,D,D,D
Rare Words,C,C,C
Rare Words,C,B,B
Rare Words,C,B,B
Rare Words,D,D,D
Rare Words,B,B,B
Rare Words,D,D,D
Rare Words,E,D,D
Rare Words,A,D,D
Rare Words,E,E,E
Rare Words,E,E,E
Rare Words,C,C,C
Rare Words,C,D,D
Rare Words,E,E,E
Rare Words,C,C,C
Rare Words,B,B,B
Rare Words,C,C,C
Rare Words,D,D,D
Rare Words,A,D,D
Rare Words,A,D,D
Rare Words,B,B,B
Rare Words,C,C,C
Rare Words,E,E,E
Rare Words,A,A,A
Rare Words,C,E,E
Rare Words,E,C,C
Rare Words,E,E,E
Rare Words,B,C,C
Rare Words,D,D,D
Rare Words,D,D,D
Rare Words,C,C,C
Rare Words,C,A,A
Rare Words,B,E,E
Rare Words,E,E,E
Rare Words,C,B,B
Rare Words,E,E,E
Rare Words,B,B,B
Rare Words,C,C,C
Rare Words,C,C,C
Rare Words,D,D,D
Rare Words,E,E,E
Rare Words,E,E,E
Rare Words,C,C,C
Rare Words,D,D,D
Rare Words,D,D,D
Rare Words,B,C,C
Rare Words,D,D,D
Rare Words,B,B,B
Rare Words,C,E,E
Rare Words,C,E,E
Rare Words,D,D,D
Rare Words,E,C,C
Rare Words,B,B,B
Rare Words,B,B,B
Rare Words,E,E,E
Rare Words,A,E,E
Rare Words,E,E,E
Rare Words,C,C,C
Rare Words,C,C,C
Rare Words,A,E,E
Rare Words,C,C,C
Rare Words,A,E,E
Reading Comprehension,C,C,C
Reading Comprehension,B,B,B
Reading Comprehension,D,E,E
Reading Comprehension,A,B,B
Reading Comprehension,C,D,D
Reading Comprehension,A,A,A
Reading Comprehension,A,A,A
Reading Comprehension,D,D,D
Reading Comprehension,C,C,C
Reading Comprehension,D,D,D
Reading Comprehension,A,A,A
Reading Comprehension,B,D,D
Reading Comprehension,D,D,D
Reading Comprehension,C,E,E
Reading Comprehension,D,D,D
Reading Comprehension,A,A,A
Reading Comprehension,B,E,E
Reading Comprehension,C,C,C
Reading Comprehension,D,D,D
Reading Comprehension,B,E,E
Reading Comprehension,A,A,A
Reading Comprehension,D,D,D
Reading Comprehension,C,C,C
Reading Comprehension,B,D,D
Reading Comprehension,C,D,D
Reading Comprehension,B,D,D
Reading Comprehension,C,C,C
Reading Comprehension,A,D,D
Reading Comprehension,C,C,C
Reading Comprehension,C,C,C
Reading Comprehension,A,B,B
Reading Comprehension,B,B,B
Reading Comprehension,C,B,B
Reading Comprehension,A,A,A
Reading Comprehension,D,D,D
Reading Comprehension,D,E,E
Reading Comprehension,C,C,C
Reading Comprehension,B,B,B
Reading Comprehension,A,A,A
Reading Comprehension,C,C,C
Reading Comprehension,B,B,B
Reading Comprehension,A,A,A
Reading Comprehension,D,D,D
Reading Comprehension,D,D,D
Reading Comprehension,B,B,B
Reading Comprehension,D,A,A
Reading Comprehension,B,C,C
Reading Comprehension,A,B,B
Reading Comprehension,D,C,C
Reading Comprehension,C,B,B
Reading Comprehension,C,C,C
Reading Comprehension,D,D,D
Reading Comprehension,B,B,B
Reading Comprehension,D,D,D
Reading Comprehension,C,C,C
Reading Comprehension,D,B,B
Reading Comprehension,A,C,C
Reading Comprehension,D,D,D
Reading Comprehension,A,A,A
Reading Comprehension,C,D,D
Reading Comprehension,D,B,B
Reading Comprehension,C,C,C
Reading Comprehension,B,B,B
Reading Comprehension,C,C,C
Reading Comprehension,C,B,B
Reading Comprehension,B,D,D
Reading Comprehension,D,D,D
Reading Comprehension,B,B,B
Reading Comprehension,B,B,B
Reading Comprehension,D,B,B
Reading Comprehension,C,B,B
Reading Comprehension,A,A,A
Reading Comprehension,D,D,D
Reading Comprehension,A,A,A
Reading Comprehension,B,B,B
Reading Comprehension,A,A,A
Reading Comprehension,D,E,E
Reading Comprehension,C,E,E
Reading Comprehension,C,E,E
Reading Comprehension,D,D,D
Reading Comprehension,D,D,D
Reading Comprehension,B,D,D
Reading Comprehension,C,C,C
Reading Comprehension,A,E,E
Reading Comprehension,C,C,C
Reading Comprehension,B,B,B
Reading Comprehension,C,D,D
Reading Comprehension,B,B,B
Reading Comprehension,D,D,D
Reading Comprehension,C,E,E
Reading Comprehension,C,C,C
Reading Comprehension,A,A,A
Reading Comprehension,A,A,A
Reading Comprehension,D,D,D
Reading Comprehension,C,C,C
Reading Comprehension,B,B,B
Reading Comprehension,D,D,D
Reading Comprehension,B,E,E
Reading Comprehension,D,C,C
Reading Comprehension,B,B,B
Reading Comprehension,C,E,E
Reading Comprehension,A,A,A
Reading Comprehension,A,C,C
Reading Comprehension,C,E,E
Reading Comprehension,B,B,B
Reading Comprehension,C,C,C
Reading Comprehension,C,C,C
Reading Comprehension,A,A,A
Reading Comprehension,C,B,B
Reading Comprehension,A,A,A
Reading Comprehension,D,D,D
Reading Comprehension,C,E,E
Reading Comprehension,B,E,E
Reading Comprehension,A,B,B
Reading Comprehension,B,A,A
Reading Comprehension,B,B,B
Reading Comprehension,C,C,C
Reading Comprehension,D,D,D
Reading Comprehension,A,A,A
Reading Comprehension,A,E,E
Reading Comprehension,D,D,D
Reading Comprehension,A,A,A
Reading Comprehension,C,C,C
Reading Comprehension,D,B,B
Reading Comprehension,B,C,C
Reading Comprehension,C,D,D
Reading Comprehension,B,C,C
Reading Comprehension,C,C,C
Reading Comprehension,D,D,D
Reading Comprehension,B,D,D
Reading Comprehension,C,C,C
Reading Comprehension,A,A,A
Reading Comprehension,C,D,D
Reading Comprehension,A,A,A
Reading Comprehension,C,D,D
Reading Comprehension,B,D,D
Reading Comprehension,A,A,A
Reading Comprehension,C,C,C
Reading Comprehension,B,B,B
Reading Comprehension,A,A,A
Reading Comprehension,D,D,D
Reading Comprehension,B,B,B
Reading Comprehension,C,B,B
Reading Comprehension,C,C,C
Reading Comprehension,D,D,D
Reading Comprehension,B,B,B
Reading Comprehension,D,D,D
Reading Comprehension,A,A,A
Reading Comprehension,C,C,C
Reading Comprehension,A,B,B
Reading Comprehension,D,D,D
Reading Comprehension,A,A,A
Reading Comprehension,D,D,D
Reading Comprehension,C,A,A
Reading Comprehension,C,E,E
Reading Comprehension,D,E,E
Reading Comprehension,C,C,C
Reading Comprehension,B,B,B
Reading Comprehension,D,D,D
Reading Comprehension,D,D,D
Reading Comprehension,D,D,D
Reading Comprehension,C,C,C
Reading Comprehension,A,A,A
Reading Comprehension,C,A,A
Reading Comprehension,D,D,D
Reading Comprehension,D,D,D
Reading Comprehension,D,D,D
Reading Comprehension,C,C,C
Reading Comprehension,D,D,D
Reading Comprehension,D,D,D
Reading Comprehension,B,B,B
Reading Comprehension,C,C,C
Reading Comprehension,A,A,A
Reading Comprehension,C,C,C
Reading Comprehension,A,B,B
Reading Comprehension,C,B,B
Reading Comprehension,C,E,E
Reading Comprehension,A,A,A
Reading Comprehension,C,A,A
Reading Comprehension,D,D,D
Reading Comprehension,D,B,B
Reading Comprehension,B,B,B
Reading Comprehension,D,D,D
Reading Comprehension,C,C,C
Reading Comprehension,D,D,D
Reading Comprehension,A,D,D
Reading Comprehension,A,A,A
Reading Comprehension,A,D,D
Reading Comprehension,A,A,A
Reading Comprehension,C,C,C
Reading Comprehension,A,A,A
Reading Comprehension,A,A,A
Reading Comprehension,C,A,A
Reading Comprehension,D,B,B
Reading Comprehension,B,C,C
Reading Comprehension,A,D,D
Reading Comprehension,B,B,B
Reading Comprehension,B,B,B
Reading Comprehension,C,C,C
Reading Comprehension,A,B,B
Reading Comprehension,B,C,C
Reading Comprehension,C,B,B
Reading Comprehension,B,D,D
Reading Comprehension,C,D,D
Reading Comprehension,B,B,B
Reading Comprehension,B,B,B
Reading Comprehension,C,B,B
Reading Comprehension,A,A,A
Reading Comprehension,C,C,C
Reading Comprehension,D,D,D
Reading Comprehension,D,D,D
Reading Comprehension,C,C,C
Reading Comprehension,D,D,D
Reading Comprehension,C,B,B
Reading Comprehension,A,A,A
Reading Comprehension,D,C,C
Reading Comprehension,A,B,B
Reading Comprehension,D,D,D
Reading Comprehension,D,D,D
Reading Comprehension,B,B,B
Reading Comprehension,A,A,A
Reading Comprehension,A,A,A
Reading Comprehension,D,E,E
Reading Comprehension,B,C,C
Reading Comprehension,D,D,D
Reading Comprehension,C,B,B
Reading Comprehension,A,B,B
Reading Comprehension,B,D,D
Reading Comprehension,C,A,A
Reading Comprehension,C,B,B
Reading Comprehension,D,D,D
Reading Comprehension,C,C,C
Reading Comprehension,A,A,A
Reading Comprehension,A,A,A
Reading Comprehension,B,B,B
Reading Comprehension,C,C,C
Reading Comprehension,A,A,A
Reading Comprehension,C,C,C
Reading Comprehension,A,A,A
Reading Comprehension,B,B,B
Reading Comprehension,B,B,B
Reading Comprehension,C,E,E
Reading Comprehension,B,B,B
Reading Comprehension,D,E,E
Reading Comprehension,D,C,C
Reading Comprehension,B,D,D
Reading Comprehension,D,D,D
Reading Comprehension,A,A,A
Reading Comprehension,C,C,C
Reading Comprehension,D,C,C
Reading Comprehension,A,A,A
Reading Comprehension,D,D,D
Reading Comprehension,B,B,B
Reading Comprehension,A,C,C
Reading Comprehension,B,D,D
Reading Comprehension,B,B,B
Reading Comprehension,D,D,D
Reading Comprehension,D,A,A
Reading Comprehension,A,A,A
Reading Comprehension,A,A,A
Reading Comprehension,C,D,D
Reading Comprehension,A,A,A
Reading Comprehension,D,C,C
Reading Comprehension,A,C,C
Reading Comprehension,D,C,C
Reading Comprehension,D,D,D
Reading Comprehension,C,D,D
Reading Comprehension,B,B,B
Reading Comprehension,D,A,A
Reading Comprehension,B,B,B
Reading Comprehension,B,B,B
Reading Comprehension,A,D,D
Reading Comprehension,B,B,B
Reading Comprehension,C,C,C
Reading Comprehension,A,B,B
Reading Comprehension,A,B,B
Reading Comprehension,D,D,D
Reading Comprehension,C,D,D
Reading Comprehension,B,B,B: 감소하였다
Reading Comprehension,C,C,C
Reading Comprehension,A,B,B
Reading Comprehension,D,B,B
Reading Comprehension,A,C,C
Reading Comprehension,C,C,C
Reading Comprehension,D,B,B
Reading Comprehension,C,C,C
Reading Comprehension,B,B,B
Reading Comprehension,D,D,D
Reading Comprehension,D,D,D
Reading Comprehension,B,C,C
Reading Comprehension,C,E,E
Reading Comprehension,A,D,D
Reading Comprehension,C,A,A
Reading Comprehension,D,D,D
Reading Comprehension,D,D,D
Reading Comprehension,D,D,D
Reading Comprehension,C,C,C
Reading Comprehension,D,D,D
Reading Comprehension,D,D,D
Reading Comprehension,B,B,B
Reading Comprehension,C,C,C
Reading Comprehension,C,E,E
Reading Comprehension,A,A,A
Reading Comprehension,D,D,D
Reading Comprehension,D,D,D
Reading Comprehension,A,A,A
Reading Comprehension,D,D,D
Reading Comprehension,C,C,C
Reading Comprehension,C,B,B
Reading Comprehension,B,A,A
Reading Comprehension,D,D,D
Reading Comprehension,C,C,C
Reading Comprehension,B,B,B
Reading Comprehension,B,B,B
Reading Comprehension,A,A,A
Reading Comprehension,C,C,C
Reading Comprehension,B,C,C
Reading Comprehension,C,C,C
Reading Comprehension,D,C,C
Reading Comprehension,A,A,A
Reading Comprehension,B,C,C
Reading Comprehension,D,B,B
Reading Comprehension,A,B,B
Reading Comprehension,B,B,B
Reading Comprehension,C,C,C
Reading Comprehension,A,A,A
Reading Comprehension,C,C,C
Reading Comprehension,B,E,E
Reading Comprehension,C,D,D
Reading Comprehension,C,E,E
Reading Comprehension,D,D,D
Reading Comprehension,D,D,D
Reading Comprehension,B,B,B
Reading Comprehension,B,B,B
Reading Comprehension,A,A,A
Reading Comprehension,D,B,B
Reading Comprehension,D,D,D
Reading Comprehension,B,B,B
Reading Comprehension,C,C,C: 하고 싶은 말을
Reading Comprehension,D,D,D
Reading Comprehension,D,A,A
Reading Comprehension,C,C,C
Reading Comprehension,B,B,B
Reading Comprehension,C,C,C
Reading Comprehension,C,C,C
Reading Comprehension,D,D,D
Reading Comprehension,D,A,A
Reading Comprehension,B,B,B
Reading Comprehension,B,B,B
Reading Comprehension,C,C,C
Reading Comprehension,B,B,B
Reading Comprehension,B,B,B
Reading Comprehension,B,B,B
Reading Comprehension,A,B,B
Reading Comprehension,D,D,D
Reading Comprehension,D,E,E
Reading Comprehension,D,A,A
Reading Comprehension,B,B,B
Reading Comprehension,B,A,A
Reading Comprehension,B,B,B
Reading Comprehension,C,E,E
Reading Comprehension,A,A,A
Reading Comprehension,A,A,A
Reading Comprehension,B,B,B
Reading Comprehension,D,D,D
Reading Comprehension,B,B,B
Reading Comprehension,A,A,A
Reading Comprehension,D,B,B
Reading Comprehension,B,B,B
Reading Comprehension,C,D,D
Reading Comprehension,C,C,C
Reading Comprehension,A,E,E
Reading Comprehension,D,B,B
Reading Comprehension,B,B,B
Reading Comprehension,B,B,B
Reading Comprehension,A,A,A
Reading Comprehension,A,A,A
Reading Comprehension,D,D,D
Reading Comprehension,D,B,B
Reading Comprehension,A,D,D
Reading Comprehension,C,E,E
Reading Comprehension,A,D,D
Reading Comprehension,C,D,D
Reading Comprehension,C,E,E
Reading Comprehension,D,D,D
Reading Comprehension,C,C,C
Reading Comprehension,D,D,D
Reading Comprehension,C,C,C
Reading Comprehension,A,A,A
Reading Comprehension,D,D,D
Reading Comprehension,D,A,A
Reading Comprehension,D,D,D
Reading Comprehension,C,B,B
Reading Comprehension,B,B,B
Reading Comprehension,A,A,A
Reading Comprehension,A,A,A
Reading Comprehension,C,B,B
Reading Comprehension,D,D,D
Reading Comprehension,B,C,C
Reading Comprehension,D,D,D
Reading Comprehension,A,B,B
Reading Comprehension,C,C,C
Reading Comprehension,C,C,C
Reading Comprehension,A,A,A
Reading Comprehension,A,A,A
Reading Comprehension,B,B,B
Reading Comprehension,B,B,B
Reading Comprehension,B,B,B
Reading Comprehension,A,A,A
Reading Comprehension,A,D,D
Reading Comprehension,C,D,D
Reading Comprehension,D,D,D
Reading Comprehension,D,C,C
Reading Comprehension,B,B,B
Reading Comprehension,D,D,D
Reading Comprehension,C,C,C
Reading Comprehension,B,B,B
Reading Comprehension,B,B,B
Reading Comprehension,B,B,B
Reading Comprehension,C,C,C
Reading Comprehension,D,D,D
Reading Comprehension,A,D,D
Reading Comprehension,C,C,C
Reading Comprehension,B,B,B
Reading Comprehension,D,D,D
Reading Comprehension,C,B,B
Reading Comprehension,D,D,D
Reading Comprehension,A,A,A
Reading Comprehension,C,B,B
Reading Comprehension,A,E,E
Reading Comprehension,B,C,C
Reading Comprehension,A,A,A
Reading Comprehension,C,D,D
Reading Comprehension,B,B,B
Reading Comprehension,A,A,A
Reading Comprehension,C,C,C
Reading Comprehension,D,D,D
Reading Comprehension,C,C,C
Reading Comprehension,A,A,A
Reading Comprehension,A,D,D
Reading Comprehension,B,B,B
Reading Comprehension,D,B,B
Reading Comprehension,B,B,B
Reading Comprehension,D,C,C
Reading Comprehension,A,A,A
Reading Comprehension,D,E,E
Reading Comprehension,C,C,C
Standard Nomenclature,A,E,E
Standard Nomenclature,B,B,B
Standard Nomenclature,D,D,D
Standard Nomenclature,D,E,E
Standard Nomenclature,D,D,D
Standard Nomenclature,D,D,D
Standard Nomenclature,B,B,B
Standard Nomenclature,D,B,B
Standard Nomenclature,B,C,C
Standard Nomenclature,D,D,D
Standard Nomenclature,C,E,E
Standard Nomenclature,B,B,B
Standard Nomenclature,B,B,B
Standard Nomenclature,A,D,D
Standard Nomenclature,E,E,E
Standard Nomenclature,E,E,E
Standard Nomenclature,D,D,D
Standard Nomenclature,B,B,B
Standard Nomenclature,C,D,D
Standard Nomenclature,D,D,D
Standard Nomenclature,E,E,E
Standard Nomenclature,C,C,C
Standard Nomenclature,E,E,E
Standard Nomenclature,E,E,E
Standard Nomenclature,A,A,A
Standard Nomenclature,A,A,A
Standard Nomenclature,B,B,B
Standard Nomenclature,E,E,E
Standard Nomenclature,C,C,C
Standard Nomenclature,E,E,E
Standard Nomenclature,E,E,E
Standard Nomenclature,D,D,D
Standard Nomenclature,B,B,B
Standard Nomenclature,C,C,C
Standard Nomenclature,A,A,A
Standard Nomenclature,D,D,D
Standard Nomenclature,C,C,C
Standard Nomenclature,D,D,D
Standard Nomenclature,A,A,A
Standard Nomenclature,E,E,E
Standard Nomenclature,B,D,D
Standard Nomenclature,B,B,B
Standard Nomenclature,A,D,D
Standard Nomenclature,B,B,B
Standard Nomenclature,B,B,B
Standard Nomenclature,D,D,D
Standard Nomenclature,E,E,E
Standard Nomenclature,D,D,D
Standard Nomenclature,E,E,E
Standard Nomenclature,E,E,E
Standard Nomenclature,E,E,E
Standard Nomenclature,A,D,D
Standard Nomenclature,E,E,E
Standard Nomenclature,A,B,B
Standard Nomenclature,D,D,D
Standard Nomenclature,A,D,D
Standard Nomenclature,B,B,B
Standard Nomenclature,A,A,A
Standard Nomenclature,A,C,C
Standard Nomenclature,E,E,E
Standard Nomenclature,E,E,E
Standard Nomenclature,C,C,C
Standard Nomenclature,A,C,C
Standard Nomenclature,A,A,A
Standard Nomenclature,A,B,B
Standard Nomenclature,E,E,E
Standard Nomenclature,B,B,B
Standard Nomenclature,A,D,D
Standard Nomenclature,E,E,E
Standard Nomenclature,A,E,E
Standard Nomenclature,C,C,C
Standard Nomenclature,B,B,B
Standard Nomenclature,B,B,B
Standard Nomenclature,A,E,E
Standard Nomenclature,C,C,C
Standard Nomenclature,D,D,D
Standard Nomenclature,D,E,E
Standard Nomenclature,B,B,B
Standard Nomenclature,C,C,C
Standard Nomenclature,E,E,E
Standard Nomenclature,B,B,B
Standard Nomenclature,A,A,A
Standard Nomenclature,C,C,C
Standard Nomenclature,B,B,B
Standard Nomenclature,A,D,D
Standard Nomenclature,B,B,B
Standard Nomenclature,B,D,D
Standard Nomenclature,E,E,E
Standard Nomenclature,B,E,E
Standard Nomenclature,A,D,D
Standard Nomenclature,D,B,B
Standard Nomenclature,D,D,D
Standard Nomenclature,C,C,C
Standard Nomenclature,E,E,E
Standard Nomenclature,B,B,B
Standard Nomenclature,B,E,E
Standard Nomenclature,A,A,A
Standard Nomenclature,A,A,A
Standard Nomenclature,E,D,D
Standard Nomenclature,B,B,B
Standard Nomenclature,A,E,E
Standard Nomenclature,C,C,C
Standard Nomenclature,D,D,D
Standard Nomenclature,D,D,D
Standard Nomenclature,D,B,B
Standard Nomenclature,D,D,D
Standard Nomenclature,D,D,D
Standard Nomenclature,A,B,B
Standard Nomenclature,C,C,C
Standard Nomenclature,E,E,E
Standard Nomenclature,B,D,D
Standard Nomenclature,E,E,E
Standard Nomenclature,C,C,C
Standard Nomenclature,B,B,B
Standard Nomenclature,B,E,E
Standard Nomenclature,D,C,C
Standard Nomenclature,B,B,B
Standard Nomenclature,A,D,D
Standard Nomenclature,E,E,E
Standard Nomenclature,A,A,A
Standard Nomenclature,C,D,D
Standard Nomenclature,D,C,C
Standard Nomenclature,E,C,C
Standard Nomenclature,C,E,E
Standard Nomenclature,E,E,E
Standard Nomenclature,B,A,A
Standard Nomenclature,D,C,C
Standard Nomenclature,B,B,B
Standard Nomenclature,C,E,E
Standard Nomenclature,A,D,D
Standard Nomenclature,B,B,B
Standard Nomenclature,C,E,E
Standard Nomenclature,C,C,C
Standard Nomenclature,C,E,E
Standard Nomenclature,C,C,C
Standard Nomenclature,D,D,D
Standard Nomenclature,E,E,E
Standard Nomenclature,B,E,E
Standard Nomenclature,E,E,E
Standard Nomenclature,D,D,D
Standard Nomenclature,B,B,B
Standard Nomenclature,E,E,E
Standard Nomenclature,D,B,B
Standard Nomenclature,E,D,D
Standard Nomenclature,D,C,C
Standard Nomenclature,E,C,C
Standard Nomenclature,B,D,D
Standard Nomenclature,B,B,B
Standard Nomenclature,D,D,D
Standard Nomenclature,A,B,B
Standard Nomenclature,B,C,C
Standard Nomenclature,B,A,A
Standard Nomenclature,E,E,E
